﻿{"cameraMode":{"drawMode":0,"name":"Shaded","section":"Shading Mode"},"sceneLighting":true,"audioPlay":false,"sceneViewState":{"showFog":true,"showMaterialUpdate":false,"showSkybox":true,"showFlares":true,"showImageEffects":true,"showParticleSystems":true},"in2DMode":false,"pivot":{"x":1.4500000476837159,"y":4.497542858123779,"z":10.59000015258789},"rotation":{"x":-0.37352821230888369,"y":-0.0022219878155738117,"z":0.0009220217471010983,"w":-0.927615761756897},"size":4.041658401489258,"orthographic":false}