﻿{"cameraMode":{"drawMode":0,"name":"Shaded","section":"Shading Mode"},"sceneLighting":false,"audioPlay":false,"sceneViewState":{"showFog":true,"showMaterialUpdate":false,"showSkybox":true,"showFlares":true,"showImageEffects":true,"showParticleSystems":true},"in2DMode":false,"pivot":{"x":-0.1700000762939453,"y":-0.8500000238418579,"z":-2.390000343322754},"rotation":{"x":-0.31720393896102908,"y":-0.0902872383594513,"z":0.030379462987184526,"w":-0.943560779094696},"size":2.8578836917877199,"orthographic":false}